position,lastname,firstname,nationality,age,"date of birth","WST Rider ID","fis code","number of results",points
1,Clark,Kelly,USA,36,"1983-07-26 00:00:00",65566,1470811,"3 / (5)",966.67
2,Kim,Chloe,USA,19,"2000-04-23 00:00:00",77873,9535393,"3 / (5)",827.92
3,Gold,Arielle,USA,23,"1996-05-04 00:00:00",76874,9535287,"3 / (3)",740.40
4,Teter,Hannah,USA,32,"1987-01-27 00:00:00",50723,7313934,"3 / (4)",708.66
5,Cai,Xuetong,CHN,26,"1993-09-26 00:00:00",79864,1129975,"3 / (5)",687.18
6,Okada,Rana,JPN,28,"1991-01-05 00:00:00",69292,,"3 / (3)",681.12
7,Castellet,Queralt,ESP,30,"1989-06-17 00:00:00",75419,1499921,"3 / (5)",622.79
8,Farrington,Kaitlyn,USA,29,"1989-12-18 00:00:00",72956,9535101,"3 / (3)",617.48
9,Oe,Hikaru,JPN,24,"1995-08-03 00:00:00",79067,9305241,"3 / (5)",588.05
10,Rodriguez,Sophie,FRA,31,"1988-07-07 00:00:00",27981,1756476,"3 / (6)",544.39
11,Mastro,Maddie,USA,19,"2000-02-22 00:00:00",77905,9535389,"3 / (4)",516.59
12,Grimal,Clemence,FRA,25,"1994-03-04 00:00:00",77865,9195071,"3 / (4)",510.71
13,Arthur,Emily,AUS,20,"1999-04-24 00:00:00",75465,9045073,"3 / (9)",483.18
14,Thovex,Mirabelle,FRA,28,"1991-08-24 00:00:00",72764,9195025,"3 / (5)",474.13
15,Nicoll,Mercedes,CAN,35,"1983-12-05 00:00:00",64606,1526101,"3 / (5)",470.33
16,Hight,Elena,USA,30,"1989-08-17 00:00:00",42143,7539968,"3 / (3)",468.82
17,Haller,Ursina,SUI,33,"1985-12-29 00:00:00",62972,7519989,"3 / (3)",464.57
18,Fenton,Summer,USA,25,"1994-06-19 00:00:00",76965,9535225,"3 / (6)",451.22
19,Rohrer,Verena,SUI,23,"1996-04-08 00:00:00",82499,9515128,"3 / (4)",416.29
20,Imai,Kurumi,JPN,20,"1999-09-24 00:00:00",84354,9305315,"3 / (3)",406.72
21,Kalapos,Zoe,USA,22,"1997-04-17 00:00:00",84471,9535344,"3 / (7)",404.57
22,Berger,Kelly,USA,23,"1996-01-11 00:00:00",79470,,"3 / (4)",398.55
23,Li,Shuang,CHN,27,"1992-06-27 00:00:00",79950,1129977,"3 / (4)",386.02
24,Irwin,Calynn,CAN,30,"1989-02-24 00:00:00",67468,7105068,"3 / (8)",382.02
25,Tsuyuki,Katie,CAN,37,"1982-03-04 00:00:00",78367,7105024,"3 / (7)",366.28
26,Sun,Zhifeng,CHN,,,77458,1129956,"3 / (4)",352.49
27,Matsumoto,Haruna,JPN,26,"1993-07-26 00:00:00",76642,9305166,"3 / (3)",340.32
28,Kelly,Kirby,USA,24,"1995-04-06 00:00:00",79278,9535283,"3 / (3)",335.34
29,Duckworth,Alexandra,CAN,32,"1987-11-11 00:00:00",71851,7105047,"3 / (5)",332.31
30,Dramise,Jenna,USA,29,"1990-06-30 00:00:00",76962,9535244,"3 / (8)",328.61
31,Edwards,Noelle,USA,22,"1996-12-23 00:00:00",82478,9535272,"3 / (7)",328.10
32,Somaini,Carla,SUI,28,"1991-10-13 00:00:00",80734,9515153,"3 / (3)",312.10
33,Asaya,Junna,JPN,21,"1998-09-16 00:00:00",87724,9305289,"3 / (4)",302.99
34,Bright,Torah,AUS,32,"1986-12-27 00:00:00",43778,1049932,"1 / (1)",276.63
35,Barrett,"Madison Taylor",USA,21,"1998-04-01 00:00:00",79379,9535342,"3 / (6)",273.24
36,Suitiala,Ella,FIN,30,"1989-10-01 00:00:00",85514,9185036,"3 / (3)",268.23
37,Sinclair,Rebecca,NZL,28,"1991-09-11 00:00:00",72320,9415013,"2 / (2)",263.99
38,Larochaix,Thalie,FRA,20,"1999-01-14 00:00:00",81637,9195178,"3 / (6)",256.14
39,Crawford,Holly,AUS,35,"1984-02-10 00:00:00",72758,1049941,"3 / (3)",256.11
40,Spiteri,Jenise,MLT,27,"1992-09-20 00:00:00",83071,9535341,"3 / (7)",254.90
41,Furihata,Yuki,JPN,34,"1985-06-14 00:00:00",73876,,"1 / (1)",245.89
42,Wicki,Berenice,SUI,17,"2002-09-24 00:00:00",85772,9515179,"3 / (7)",241.02
43,Mittermueller,Silvia,GER,36,"1983-08-08 00:00:00",32669,1708267,"3 / (4)",233.24
44,Verdnik,Kaja,SLO,20,"1999-02-23 00:00:00",87134,1569999,"3 / (9)",222.14
45,Makar,Morena,CRO,34,"1985-01-22 00:00:00",79808,1389914,"3 / (4)",221.23
46,Hosking,Elizabeth,CAN,18,"2001-07-22 00:00:00",87908,9105347,"3 / (4)",216.22
47,Pancochova,Sarka,CZE,29,"1990-11-01 00:00:00",74989,1159968,"2 / (2)",211.88
48,Langland,Hailey,USA,19,"2000-08-02 00:00:00",94228,9535409,"2 / (0)",210.21
49,Petrig,Ramona,SUI,22,"1997-03-04 00:00:00",80755,9515144,"3 / (3)",209.09
50,Opsal,Kari,NOR,28,"1991-03-04 00:00:00",72672,,"2 / (2)",200.00
50,Kazama,Runa,JPN,,,83837,9305309,"3 / (4)",200.00
52,Djukic,Lea,SUI,22,"1996-12-08 00:00:00",86596,9515145,"2 / (2)",199.72
53,McManiman,Audrey,CAN,24,"1995-01-24 00:00:00",82002,9105226,"3 / (4)",189.55
54,Trigger,Hannah,AUS,32,"1987-02-05 00:00:00",72855,1049953,"2 / (2)",187.75
55,Kamata,Ayako,JPN,,,87723,9305327,"3 / (3)",183.89
56,Thompson,Nora,NOR,,,76711,,"2 / (2)",176.42
57,Merson,Hannah,USA,21,"1998-06-11 00:00:00",82058,9535362,"3 / (5)",175.22
58,Qiu,Leng,CHN,,,92442,9125003,"1 / (1)",174.58
59,Toriyama,Mizuki,JPN,,,90454,,"3 / (4)",172.62
60,Clavuot,Silvana,SUI,25,"1994-08-17 00:00:00",77870,,"2 / (2)",170.30
61,Brodrick,Danielle,USA,23,"1996-05-07 00:00:00",81991,9535339,"3 / (6)",167.64
62,Liu,Jiayu,CHN,27,"1992-09-17 00:00:00",77457,1129974,"1 / (1)",164.55
63,Smans,Loranne,BEL,22,"1997-10-30 00:00:00",81104,1069919,"3 / (3)",164.34
64,Ettel,Leilani,GER,18,"2001-07-05 00:00:00",88773,9205072,"3 / (3)",164.33
65,Magiros,Stephanie,AUS,28,"1991-05-05 00:00:00",77510,9045061,"2 / (2)",161.80
66,Branthoover,Shannon,USA,21,"1997-12-28 00:00:00",81576,,"3 / (4)",161.74
67,Augustinova,Diana,CZE,24,"1995-09-28 00:00:00",76807,1159973,"3 / (4)",159.55
68,Honda,Misa,JPN,25,"1994-01-18 00:00:00",78601,9305191,"2 / (2)",157.47
69,Tomita,Ruki,JPN,,,81778,9305337,"3 / (4)",156.78
70,Ikola,Henna,FIN,21,"1998-04-26 00:00:00",84790,9185051,"3 / (4)",156.34
71,Nordin,"Mira Strand",NOR,34,"1985-02-13 00:00:00",72743,,"2 / (2)",154.48
72,Lefevre,Lucile,FRA,24,"1995-11-10 00:00:00",75864,9195093,"1 / (1)",153.58
73,Schaffrick,Madeline,USA,25,"1994-04-29 00:00:00",75927,9535184,"2 / (2)",152.63
74,Kwon,Sunoo,KOR,20,"1999-01-14 00:00:00",91104,9325030,"3 / (3)",151.01
75,Edwards,Kiersten,USA,19,"2000-01-13 00:00:00",82057,9535402,"3 / (3)",146.89
76,Jenner,Clara,USA,18,"2000-12-01 00:00:00",91678,9535418,"2 / (2)",143.82
77,Asaya,Jurin,JPN,,,91510,,"2 / (2)",141.30
78,Lengkeek,Kira,CAN,20,"1998-11-24 00:00:00",87451,9105250,"3 / (4)",140.51
79,Mitsuoka,Runa,JPN,,,91294,9305349,"3 / (3)",140.00
80,Anderson,Jamie,USA,29,"1990-09-13 00:00:00",17575,9535078,"1 / (1)",137.99
81,Cairns,Adriane,CAN,21,"1998-06-20 00:00:00",81321,9105241,"3 / (5)",137.55
82,Sadar,Cilka,SLO,28,"1991-09-18 00:00:00",73089,1569963,"1 / (1)",136.03
83,Watson,"Lisa Mari",NOR,,,74908,,"2 / (2)",133.96
84,Sato,Aya,JPN,24,"1995-01-01 00:00:00",78600,9305279,"2 / (2)",133.80
85,Rukajarvi,Enni,FIN,29,"1990-05-13 00:00:00",75256,9185019,"1 / (1)",386.88
86,Astkhik,Ter-Minasyan,RUS,,,81701,,"3 / (4)",128.51
87,Purtschert,Nadja,SUI,30,"1989-09-03 00:00:00",72609,9515034,"2 / (2)",127.15
88,Akimoto,Saiko,JPN,,,84353,9305259,"3 / (4)",125.79
89,Obregon,Taylor,USA,22,"1996-12-02 00:00:00",83924,9535385,"3 / (5)",120.97
90,Kralj,Eva,SLO,19,"2000-10-04 00:00:00",86726,9565003,"3 / (7)",119.63
91,Petrig,Celia,SUI,24,"1995-02-28 00:00:00",80756,9515142,"1 / (1)",118.00
92,Alm,Ingrid,NOR,32,"1987-04-24 00:00:00",24243,,"2 / (2)",114.60
93,Herleiksplass,Karoline,NOR,22,"1997-10-21 00:00:00",74162,9425039,"3 / (3)",113.85
94,Matsuoka,Tae,JPN,,,87174,,"3 / (4)",113.80
95,Bleiler,Gretchen,USA,38,"1981-10-04 00:00:00",25221,,"1 / (1)",112.73
96,MacDonald,Kirsty,CAN,25,"1994-02-28 00:00:00",79114,,"2 / (2)",166.00
97,Mullins,Mahalah,AUS,21,"1998-11-06 00:00:00",88528,9045076,"3 / (3)",110.41
98,Thidling,Ayla,GBR,20,"1999-11-07 00:00:00",77188,1229994,"3 / (3)",109.67
99,Deck,Kennedi,CAN,22,"1997-08-22 00:00:00",87790,9105263,"3 / (3)",108.48
100,Ide,Yukiko,JPN,,,87247,9305341,"3 / (5)",103.96
101,Atkins,Savanna,USA,,,83026,9535396,"2 / (2)",102.47
102,Nakakita,Ryo,JPN,,,76626,,"2 / (2)",100.45
103,Sun,Juan,CHN,,,79951,1129970,"1 / (1)",100.35
104,Wu,Shaotong,CHN,,,92443,9125004,"1 / (1)",99.24
106,Retson,Christina,CAN,20,"1998-12-20 00:00:00",81020,,"3 / (3)",98.33
107,Nagae,Mayu,JPN,,,87967,9305343,"3 / (5)",97.36
108,Hagiwara,Kumiko,JPN,43,"1976-08-10 00:00:00",73906,,"3 / (4)",96.76
109,Amundsen,Vilde,NOR,,,92010,,"2 / (2)",96.24
111,McDonald,Baily,CAN,21,"1998-06-05 00:00:00",91584,9105344,"3 / (3)",95.09
112,Boesch,Lia-Mara,SUI,25,"1994-09-03 00:00:00",86595,9515157,"2 / (2)",94.98
113,Hirono,Asami,JPN,29,"1990-11-08 00:00:00",83844,9305294,"1 / (1)",94.52
114,Kitahara,Ayumi,JPN,,,89377,9305312,"3 / (5)",93.16
115,Zajac,Joanna,POL,,,79866,1439986,"2 / (2)",93.09
116,Thost,Nicola,GER,42,"1977-03-05 00:00:00",77813,,"1 / (1)",88.21
117,Ballantyne,Becca,CAN,,,83320,9105374,"2 / (2)",87.65
118,Minami,Sayano,JPN,22,"1997-05-01 00:00:00",83795,9305268,"2 / (2)",86.60
119,Burri,Ariane,SUI,19,"2000-04-14 00:00:00",88779,9515168,"3 / (3)",86.03
120,Simpson,Megan,CAN,20,"1999-05-04 00:00:00",83322,9105323,"3 / (4)",85.30
121,Norendal,Silje,NOR,26,"1993-09-01 00:00:00",72637,9425008,"1 / (1)",81.39
122,Inouye,Autumn,USA,21,"1998-08-31 00:00:00",86676,9535400,"3 / (4)",80.03
123,Burri,Florence,SUI,,,88777,,"3 / (4)",78.76
124,Ileby,Camilla,NOR,23,"1995-12-09 00:00:00",88767,,"2 / (2)",78.74
125,Higginson,Kiersten,CAN,28,"1991-08-22 00:00:00",76875,9105116,"1 / (1)",78.46
126,Koyama,Yukiko,JPN,,,84854,,"3 / (3)",78.10
127,Fujimoto,Risa,JPN,,,87175,9305269,"3 / (5)",76.41
128,"De Jong",Jacquelina,NED,13,"2006-03-08 00:00:00",88775,,"3 / (4)",76.26
129,Feng,Jingxue,CHN,,,92444,,"1 / (1)",75.69
130,Stangeland,Breanna,CAN,31,"1988-10-09 00:00:00",78507,,"1 / (1)",73.59
131,Molodyh,Livia,USA,20,"1999-06-30 00:00:00",86675,9535403,"2 / (2)",73.16
132,Enne,Merika,FIN,27,"1992-06-24 00:00:00",75242,9185026,"1 / (1)",71.98
133,"MacIa Bocanegra",Paula,ESP,20,"1999-01-29 00:00:00",88143,,"1 / (1)",71.52
134,Ritchie,Maria,CAN,18,"2000-12-03 00:00:00",91030,9105330,"3 / (3)",69.49
135,Arazny,Amber,AUS,29,"1990-05-09 00:00:00",75375,9045034,"1 / (1)",69.04
136,Eilertsen,Hanne,NOR,20,"1999-03-23 00:00:00",89004,9425037,"2 / (2)",65.69
137,Tomita,Sena,JPN,20,"1999-10-05 00:00:00",81785,9305313,"2 / (2)",65.58
138,Takada,Ayaka,JPN,,,83853,9305257,"2 / (2)",63.37
139,Oieren,"Lise Mirja",NOR,,,76094,,"2 / (2)",61.94
140,Pikkujamsa,Elli,FIN,20,"1999-10-24 00:00:00",86333,9185059,"1 / (1)",61.65
141,Steiger,Jil,SUI,,,90858,9515165,"2 / (2)",61.37
142,Kiseleva,Tania,RUS,27,"1992-11-06 00:00:00",79304,9485206,"2 / (2)",60.98
143,Komuro,Yuna,JPN,18,"2000-11-19 00:00:00",81776,,"3 / (3)",57.80
144,Case,Kc,CAN,21,"1998-07-09 00:00:00",87471,9105377,"3 / (3)",57.62
145,Rusin,Agnieszka,POL,31,"1988-02-04 00:00:00",75431,,"1 / (1)",57.30
146,Mueller,Lena,SUI,16,"2003-01-21 00:00:00",90856,9515207,"3 / (3)",56.05
147,Maeda,Kanae,JPN,,,83797,9305231,"2 / (2)",54.49
148,Johnson,McKinzie,USA,,,85960,9535433,"1 / (1)",54.34
149,Murakami,Miyuki,JPN,,,89576,,"3 / (4)",52.68
150,Birkkjaer,Bailey,CAN,22,"1996-12-14 00:00:00",91463,9105343,"3 / (3)",50.50
151,Dwyer,Anna,CAN,5,"2014-05-02 00:00:00",87502,,"3 / (3)",50.15
152,Tamada,Takara,JPN,,,89491,9305310,"2 / (2)",49.84
153,Hatta,Rika,JPN,28,"1991-08-31 00:00:00",73886,9305089,"2 / (2)",48.76
154,Hidalgo,Maria,ESP,22,"1997-01-30 00:00:00",88303,1499955,"1 / (1)",48.72
155,Komine,Momoko,JPN,,,87970,,"1 / (1)",48.29
156,Soutter,Ellie,GBR,,,91818,,"2 / (2)",46.97
157,Eberle,Lis,SUI,,,91745,,"1 / (1)",46.03
158,Eiken,"Eirin Kjorholt",NOR,,,88932,,"2 / (2)",45.76
159,Eyer,Aline,SUI,,,88804,,"3 / (4)",45.57
160,Staveley,Lauren,AUS,25,"1994-03-30 00:00:00",75381,9045022,"1 / (1)",44.71
161,Phillips,Corrah,NZL,,,92448,9415030,"1 / (1)",44.15
162,Vojackova,Katerina,CZE,22,"1997-01-01 00:00:00",78297,1159977,"1 / (1)",43.49
163,Maiocco,"Maria Delfina",ITA,,,75873,,"1 / (1)",42.81
164,Satou,Ayumi,JPN,,,87966,,"2 / (2)",42.28
165,Kanko,Emma,FIN,24,"1995-06-03 00:00:00",85266,9185054,"2 / (2)",41.42
166,Furukawa,Etsuko,JPN,,,87353,,"3 / (3)",41.01
167,Puhakka,Iina,FIN,19,"2000-02-25 00:00:00",92529,9185066,"1 / (1)",39.93
168,Paquette,Julie,CAN,20,"1999-05-06 00:00:00",92552,9105359,"1 / (1)",39.81
168,Davies,Taylor,CAN,20,"1999-06-07 00:00:00",91028,9105332,"3 / (3)",39.81
170,Waldner,Carmen,AUT,36,"1983-02-10 00:00:00",72761,,"1 / (1)",39.37
171,Baer,Enya,SUI,,,90857,,"3 / (4)",39.27
172,Kaiser,Cora,USA,,,91677,9535417,"2 / (2)",38.49
173,Vincent,Jaime,USA,,,90877,9535397,"2 / (2)",38.30
174,Soderholm,Haille,USA,23,"1996-04-25 00:00:00",78052,9535270,"1 / (1)",37.00
175,Hanashima,Ryoko,JPN,,,92068,,"1 / (1)",36.62
176,Denena,Samm,CAN,25,"1994-10-14 00:00:00",78396,9105208,"1 / (1)",35.22
177,Appleton,Ali,USA,,,78865,,"1 / (1)",34.88
177,Rourke,Dallas,CAN,26,"1993-10-17 00:00:00",81028,,"1 / (1)",34.88
179,Thompson,Maren,CAN,20,"1998-12-10 00:00:00",91773,9105327,"3 / (3)",34.85
180,Jenkins,Jenaya,CAN,22,"1997-04-27 00:00:00",91027,9105331,"1 / (1)",34.10
180,Fortuna,Alice,ITA,,,81852,,"1 / (1)",34.10
182,Fitch,Alex,AUS,24,"1995-03-19 00:00:00",77461,9045054,"1 / (1)",33.63
183,Zoppi,Margot,FRA,,,89506,9195169,"1 / (1)",33.33
183,Partanen,Malla,FIN,25,"1994-10-31 00:00:00",84791,9185037,"1 / (1)",33.33
185,Kotsenburg,Kirra,USA,23,"1996-06-16 00:00:00",74889,9535264,"1 / (1)",33.18
186,Na,Young-Mi,KOR,,,91102,9325022,"2 / (2)",31.96
187,Maugeri,Natalie,CAN,21,"1998-05-11 00:00:00",87912,9105313,"3 / (4)",31.56
188,Sakai,Saki,JPN,,,84858,,"2 / (2)",31.54
189,Loetscher,Isabelle,SUI,,,88803,9515197,"3 / (3)",30.69
190,Fortune,Cassandra,AUS,21,"1998-03-19 00:00:00",82329,,"1 / (1)",30.38
191,Tybring-Torsk,Christine,NOR,,,92011,,"2 / (2)",30.10
192,Lynch,Sabrina,AUS,,,90553,9045084,"1 / (1)",29.47
193,Robinson,Ashton,USA,,,80351,,"1 / (1)",29.19
194,Kitazawa,Asuka,JPN,,,89577,,"2 / (2)",28.87
195,Locatin,Giorgia,ITA,,,80688,9295119,"1 / (1)",28.67
196,Halonen,Anni,FIN,32,"1987-03-04 00:00:00",81445,9185042,"1 / (1)",28.45
197,Nishikatsu,Akemi,JPN,,,87963,,"2 / (2)",27.94
198,Parkkisenniemi,Emmi,FIN,20,"1999-07-21 00:00:00",92530,9185065,"1 / (1)",27.77
199,Buxton,Ellie,AUS,,,92295,9045093,"1 / (1)",27.69
200,Ozaki,Saeko,JPN,,,90487,7309957,"1 / (1)",27.20
201,Rusin,Katarzyna,POL,25,"1994-01-21 00:00:00",75553,9435027,"1 / (1)",26.83
202,Tadumi,Kyouko,JPN,,,89583,,"3 / (3)",26.40
203,Kotkavalkama,Milla,FIN,25,"1994-07-11 00:00:00",83418,9185058,"2 / (2)",26.15
204,Potter,Maisie,GBR,22,"1997-05-15 00:00:00",82196,1229988,"1 / (1)",25.25
205,Coady,Tess,AUS,19,"2000-11-02 00:00:00",90557,9045103,"1 / (1)",25.24
206,Vihervaara,Noora,FIN,,,68609,9185007,"1 / (1)",23.84
207,Tani,Sachiko,JPN,,,89488,,"3 / (3)",23.67
208,Tsubota,Ema,JPN,,,92066,9305296,"1 / (1)",23.53
209,Kuss,Madeline,CAN,20,"1998-11-28 00:00:00",91041,9105328,"2 / (2)",23.50
210,Crisp,Georgia,AUS,,,86245,9045079,"1 / (1)",22.99
211,Poon,Marylin,USA,,,91827,,"1 / (1)",22.88
212,Moriyama,Satsuki,JPN,,,92148,7309956,"1 / (1)",22.40
213,Buchner,Eleanor,CAN,19,"2000-08-12 00:00:00",89675,,"1 / (1)",22.33
214,Kolodziej,Klementyna,POL,,,78149,9435051,"1 / (1)",22.21
215,Shinno,Hozumi,JPN,,,87350,,"2 / (2)",21.95
216,Torr,Rebecca,NZL,29,"1990-03-15 00:00:00",80037,9415025,"1 / (1)",21.91
217,Son,Joung-Hwa,KOR,,,91118,,"1 / (1)",21.37
218,Varoshkina,Mihaela,BUL,,,90399,,"2 / (2)",21.27
219,Kell,Zahra,AUS,16,"2003-08-14 00:00:00",86249,9045113,"1 / (1)",20.91
220,Vallaincourt,Natalie,CAN,,,91801,,"1 / (1)",20.51
221,Kostenko,Elena,RUS,24,"1995-08-29 00:00:00",89882,9485178,"1 / (1)",20.24
222,Shiromaru,Miyuki,JPN,,,91504,,"1 / (1)",20.07
223,Bernard,Emma,FRA,25,"1994-06-27 00:00:00",75865,9195074,"1 / (1)",20.05
224,Schuetz,Elena,SUI,16,"2003-04-26 00:00:00",91723,,"1 / (1)",20.05
225,Poltera,Siria,SUI,13,"2006-03-01 00:00:00",87670,,"2 / (2)",19.50
226,Craig,Dakota,NZL,24,"1995-02-20 00:00:00",92449,9415029,"1 / (1)",19.39
227,"Shinn Rees",Indira,AUS,,,92296,,"1 / (1)",18.96
228,Angelo,Ayla,USA,,,92032,9535087,"1 / (1)",18.80
229,Chung,"Ji Hye",KOR,34,"1985-02-20 00:00:00",91103,9325028,"2 / (2)",18.35
230,Silkstone,Nathalie,GBR,23,"1996-09-08 00:00:00",75520,,"1 / (1)",18.11
231,Satou,Asami,JPN,,,87355,,"2 / (2)",17.34
232,McIvor,Chloe,AUS,,,92291,9045068,"1 / (1)",17.14
233,Le,Kimberlie,CAN,24,"1995-01-16 00:00:00",86804,9105257,"2 / (2)",16.64
234,Nagayoshi,Misato,JPN,,,91505,,"1 / (1)",16.50
235,Allen,Isabelle,CAN,19,"2000-05-29 00:00:00",81012,,"1 / (1)",15.76
236,Guy,Geneva,AUS,,,82344,,"1 / (1)",15.41
237,Ohkawa,Mayako,JPN,,,92067,9305226,"1 / (1)",15.39
238,Mueller,Anna,SUI,18,"2001-08-06 00:00:00",92402,9515204,"1 / (1)",15.29
239,"Liberg Frisvold",Nora,NOR,,,89963,9425038,"1 / (1)",15.27
240,Homan,Ann-Mari,FIN,,,87885,,"1 / (1)",15.05
241,Andrzejewska,"Anita Anna",NOR,,,92009,,"2 / (2)",14.86
242,Bellwald,Adriana,SUI,,,78725,,"1 / (1)",14.80
243,Ono,Mitsuki,JPN,,,91506,9305411,"1 / (1)",14.76
244,Zyryanova,"Nina Diana",RUS,23,"1996-10-11 00:00:00",92450,9485256,"1 / (1)",14.51
245,Kelley,Chelsee,AUS,,,92292,,"1 / (1)",13.77
246,MacDonald,Blaire,CAN,19,"1999-12-03 00:00:00",91024,9105329,"1 / (1)",13.67
247,Fulford,Elle,CAN,23,"1996-07-27 00:00:00",89134,,"1 / (1)",13.20
247,Sakamoto,Aoi,JPN,,,91419,,"1 / (1)",13.20
249,Hoshi,Sayaka,JPN,,,91499,,"1 / (1)",13.05
250,Hill,Maisie,GBR,18,"2001-02-12 00:00:00",92534,9225000,"1 / (1)",13.01
252,Inafuku,Yuko,JPN,,,91507,,"1 / (1)",11.37
253,Koivisto,Vilina,FIN,,,81237,9185031,"1 / (1)",11.27
254,Tong,Alicia,USA,22,"1997-07-09 00:00:00",90767,9535376,"2 / (2)",11.24
255,Tanno,Livia,SUI,17,"2002-07-27 00:00:00",92535,9515187,"1 / (1)",10.76
256,Peterson,Stephie,AUS,,,90555,,"1 / (1)",10.70
258,Pliuta,Lizaveta,BLR,,,90432,1669959,"1 / (1)",10.11
258,Chamberlin,Madeline,USA,,,82055,,"1 / (1)",10.11
260,Ishiwata,Nozomi,JPN,,,89575,,"1 / (1)",9.71
261,Zhai,Yue,CHN,,,92445,1129993,"1 / (1)",9.66
262,Chen,Alexandra,AUS,,,92293,9045098,"1 / (1)",9.25
263,Meneghetti,Margherita,ITA,,,82658,9295150,"1 / (1)",9.00
264,Iwasaki,Hanako,JPN,,,87243,,"1 / (1)",8.67
265,Roberts,Kristal,NZL,,,91217,9415031,"1 / (1)",8.59
266,Higashi,Haruka,JPN,,,91303,,"2 / (2)",8.49
267,Fukui,Shino,JPN,,,91304,,"1 / (1)",8.33
268,Oonuki,Ryouko,JPN,,,91502,,"1 / (1)",8.06
269,Peate,Scarlett,AUS,,,92286,,"1 / (1)",7.84
270,Kutcher,Lola,CAN,19,"2000-05-24 00:00:00",91023,9105325,"1 / (1)",7.63
271,Ettel,Kona,GER,12,"2007-05-11 00:00:00",91588,,"1 / (1)",7.43
272,Prusakova,Ekaterina,RUS,,,86483,9485139,"1 / (1)",7.40
273,Rofner,Birgit,AUT,24,"1995-01-29 00:00:00",76722,9055052,"1 / (1)",6.68
274,Predas,Devan,CAN,,,85073,,"1 / (1)",6.67
275,Wang,Xuemei,CHN,,,88519,1129992,"1 / (1)",6.64
276,Kelley,Kasey,AUS,,,92287,,"1 / (1)",6.47
277,Nakagawa,Aiko,JPN,,,91503,,"1 / (1)",6.43
279,Chawner,Mia,AUS,,,92288,,"1 / (1)",5.13
280,MacKinnon,Kate,CAN,18,"2001-09-04 00:00:00",92182,,"1 / (1)",5.10
280,Hong,Seung-Hye,KOR,,,91105,,"1 / (1)",5.10
282,Andersen,Nora,NOR,,,88331,,"1 / (1)",5.03
283,Genda,Mayumi,JPN,,,89571,,"1 / (1)",4.81
284,Voigt,Brooke,CAN,25,"1993-11-17 00:00:00",78472,9105100,"1 / (1)",4.66
285,Kichukova,Betina,BUL,,,90402,,"1 / (1)",4.45
287,Gardiner,Hilary,CAN,22,"1997-02-11 00:00:00",83323,9105237,"1 / (1)",4.27
288,Gruenberg,Mia,SUI,,,92537,,"1 / (1)",4.23
289,Welin,Greta,AUS,,,92289,9045090,"1 / (1)",3.82
290,Komine,Sakura,JPN,,,83796,9305277,"1 / (1)",3.77
291,Zhukova,Anastasia,RUS,29,"1990-02-21 00:00:00",76921,9485117,"1 / (1)",3.65
292,Kakubari,Misaki,JPN,,,83835,9305344,"1 / (1)",3.20
293,Essex,Amber,AUS,,,90569,,"1 / (1)",2.53
294,"van der Linden",Manon,NED,18,"2001-04-14 00:00:00",90704,9405039,"1 / (1)",2.11
295,Hall,Hannah,AUS,,,92290,,"1 / (1)",1.26
296,Berislavic,Paulina,CRO,24,"1995-07-01 00:00:00",85568,1389932,"1 / (1)",0.00
